sex_Male,selection_rate,tpr,fpr
Female,0.08096590909090909,0.5149802148106275,0.027733481245233307
Male,0.24085758039816232,0.5766283524904214,0.09436037304240717
