sex_Male,selection_rate,tpr,fpr
Female,0.08016304347826086,0.5132843414358395,0.027040144214102474
Male,0.24147013782542112,0.577939100625126,0.09466830899172972
