group,selection_rate,tpr,fpr
Female,0.08016304347826086,0.5132843414355494,0.0270401442141006
Male,0.24147013782542112,0.5779391006250677,0.09466830899172556
