group,selection_rate,tpr,fpr
Female,0.08096590909090909,0.5149802148103364,0.027733481245231385
Male,0.24085758039816232,0.5766283524903633,0.09436037304240302
