{
  "unprivileged_group": "Female",
  "privileged_group": "Male",
  "statistical_parity_difference": -0.15989167130725324,
  "disparate_impact": 0.3361567817673171,
  "equal_opportunity_difference": -0.06164813768002686,
  "average_odds_difference": -0.06413751473859924
}